{
  "NTProvider": {
    "types": {
      "/FMSInfo": "FMSInfo",
      "/SmartDashboard/Mech2d": "Mechanism2d",
      "/SmartDashboard/Mon Tentacules banboles": "Mechanism2d",
      "/SmartDashboard/Tentacules banboles": "Mechanism2d",
      "/SmartDashboard/Tentacules banboles 2": "Mechanism2d",
      "/SmartDashboard/terrain": "Field2d"
    },
    "windows": {
      "/SmartDashboard/terrain": {
        "Enemy0": {
          "arrowColor": [
            255.0,
            0.0,
            217.49996948242188,
            255.0
          ],
          "color": [
            255.0,
            187.5,
            0.0,
            255.0
          ]
        },
        "Enemy1": {
          "arrowColor": [
            255.0,
            0.0,
            247.5,
            255.0
          ],
          "color": [
            255.0,
            232.50001525878906,
            0.0,
            255.0
          ]
        },
        "Enemy2": {
          "arrowColor": [
            239.99998474121094,
            0.0,
            255.0,
            255.0
          ],
          "color": [
            255.0,
            232.50001525878906,
            0.0,
            255.0
          ]
        },
        "Enemy3": {
          "arrowColor": [
            187.49993896484375,
            0.0,
            255.0,
            255.0
          ],
          "color": [
            255.0,
            172.5,
            0.0,
            255.0
          ]
        },
        "Enemy4": {
          "arrowColor": [
            217.49996948242188,
            0.0,
            255.0,
            255.0
          ],
          "color": [
            255.0,
            202.50001525878906,
            0.0,
            255.0
          ]
        },
        "Enemy5": {
          "arrowColor": [
            247.5,
            0.0,
            255.0,
            255.0
          ],
          "color": [
            217.5,
            255.0,
            0.0,
            255.0
          ]
        },
        "Enemy6": {
          "arrowColor": [
            247.5,
            0.0,
            255.0,
            255.0
          ],
          "color": [
            240.00001525878906,
            255.0,
            0.0,
            255.0
          ]
        },
        "Enemy7": {
          "arrowColor": [
            255.0,
            0.0,
            217.49996948242188,
            255.0
          ],
          "color": [
            255.0,
            232.50001525878906,
            0.0,
            255.0
          ]
        },
        "Enemy8": {
          "arrowColor": [
            255.0,
            0.0,
            225.00009155273438,
            255.0
          ],
          "color": [
            255.0,
            225.0,
            0.0,
            255.0
          ]
        },
        "Enemy9": {
          "arrowColor": [
            255.0,
            0.0,
            202.5000762939453,
            255.0
          ],
          "color": [
            255.0,
            255.0,
            0.0,
            255.0
          ]
        },
        "window": {
          "visible": true
        }
      }
    }
  },
  "NetworkTables": {
    "Persistent Values": {
      "open": false
    },
    "transitory": {
      "SmartDashboard": {
        "open": true
      }
    }
  }
}
